[{"@type":"mappingTemplate","id":"@1","name":"m_sap_kna1_asdw","description":"updating description","bundleVersion":"0","templateId":"@3","deployTime":1591206206000,"hasParameters":false,"valid":true,"fixedConnection":true,"hasParametersDeployed":false,"fixedConnectionDeployed":true,"tasks":1,"mappingPreviewFileRecordId":"@2","documentType":"","references":[{"@type":"reference","refObjectId":"@2ur7yysBMr6bjwpI4vIFqR","refType":"connection"},{"@type":"reference","refObjectId":"@df7WjJHKvUohv5TsslxbcW","refType":"connection"}]}]